Course Listing,Course_Listing_2022-2023_-_Sheet1_2.pdf
General Information,General_Information_2021-2022.pdf
Graduation Requirements,Graduation Requirements.pdf
Student Support Services,StudentSupportServices.pdf
Optional Educational Opportunities,Optional_Educational_Opportunities_cMzYMqV.pdf
College Preparatory Curriculum,CollegePrepCurric.pdf
National Collegiate Athletic Association (NCAA),NATIONAL_COLLEGIATE_ATHLETIC_ASSOCIATION_RecwVFJ.pdf
International Baccalaureate Program (IB),2022-2023_MYP_IB_Program.pdf
Pathways to College and Career Readiness,CAREER_CLUSTERS_DESCRIPTIONS.pdf
Course Planning,Course_Planning_2022-2203_.pdf
Global Fluency Certification Requirements,PROGRAM_FOR_CERTIFICATE_OF_GLOBAL_FLUENCY_2022-2023.pdf
